{
  "users": [
    {
      "id": "41d2",
      "name": "mariana",
      "email": "mariana@gmail.com",
      "phone": "3145687560",
      "password": "password"
    },
    {
      "id": "0188",
      "name": "mariano",
      "email": "mariano@gmail.com",
      "phone": "3145687569",
      "password": "password"
    },
    {
      "id": "41f4",
      "name": "veronica",
      "email": "veronica@gmail.com",
      "phone": "3202562525",
      "password": "password"
    },
    {
      "id": "baa9",
      "name": "ronald",
      "email": "ronald@gmail.com",
      "phone": "3206587141",
      "password": "password"
    },
    {
      "id": "3a03",
      "name": "maria",
      "email": "maria@gmail.com",
      "phone": "3204568978",
      "password": "password"
    },
    {
      "id": "de1c",
      "name": "roberta",
      "email": "roberta@gmail.com",
      "phone": "3215698741",
      "password": "password"
    },
    {
      "id": "01e6",
      "name": "rogelio",
      "email": "rogelio@gmail.com",
      "phone": "3205658987",
      "password": "password"
    },
    {
      "id": "ceca",
      "name": "jenry",
      "lastname": "andrade",
      "email": "jenry@gmail.com",
      "phone": "3215894578",
      "password": "password"
    }
  ],
  "products": [
    {
      "name": "RYZEN R9 7950X / 16 NUCLEOS - 32 HILOS A 5,7GHZ",
      "description": "Procesador marca AMD",
      "img": "https://cdnx.jumpseller.com/tienda-gamer-medellin/image/28453920/resize/610/610?1665956635",
      "price": "$3.050.000 COP",
      "id": "9328"
    },
    {
      "name": "RYZEN R9 7950X 3D / 16 NUCLEOS - 32 HILOS A 5,7GHZ",
      "description": "Procesador marca AMD",
      "img": "https://cdnx.jumpseller.com/tienda-gamer-medellin/image/35179791/resize/610/610?1688040223",
      "price": "$3.050.000 COP",
      "id": "8ff2"
    },
    {
      "name": "RYZEN 7 7900X 3D - 12 NUCLEOS - 24 HILOS A 5,6GHZ",
      "description": "Procesador marca AMD",
      "img": "https://cdnx.jumpseller.com/tienda-gamer-medellin/image/36988788/resize/610/610?1688040322",
      "price": "$3.050.000 COP",
      "id": "7036"
    },
    {
      "name": "RYZEN R9 7900X / 12 NUCLEOS - 24 HILOS A 5,6GHZ",
      "description": "Procesador marca AMD",
      "img": "https://cdnx.jumpseller.com/tienda-gamer-medellin/image/27823265/resize/610/610?1664462240",
      "price": "$3.050.000 COP",
      "id": "1f97"
    },
    {
      "name": "RYZEN R9 7950X / 16 NUCLEOS - 32 HILOS A 5,7GHZ",
      "description": "Procesador marca AMD",
      "img": "https://cdnx.jumpseller.com/tienda-gamer-medellin/image/28453920/resize/610/610?1665956635",
      "price": "$3.050.000 COP",
      "id": "5f42"
    },
    {
      "name": "RYZEN R9 7950X 3D / 16 NUCLEOS - 32 HILOS A 5,7GHZ",
      "description": "Procesador marca AMD",
      "img": "https://cdnx.jumpseller.com/tienda-gamer-medellin/image/35179791/resize/610/610?1688040223",
      "price": "$3.050.000 COP",
      "id": "a4a8"
    },
    {
      "name": "RYZEN 7 7900X 3D - 12 NUCLEOS - 24 HILOS A 5,6GHZ",
      "description": "Procesador marca AMD",
      "img": "https://cdnx.jumpseller.com/tienda-gamer-medellin/image/36988788/resize/610/610?1688040322",
      "price": "$3.050.000 COP",
      "id": "4802"
    },
    {
      "name": "RYZEN R9 7900X / 12 NUCLEOS - 24 HILOS A 5,6GHZ",
      "description": "Procesador marca AMD",
      "img": "https://cdnx.jumpseller.com/tienda-gamer-medellin/image/27823265/resize/610/610?1664462240",
      "price": "$3.050.000 COP",
      "id": "f33a"
    }
  ],
  "categories": [
    {
      "name": "Procesadores",
      "id": "1318"
    },
    {
      "name": "Placas/Boards",
      "id": "25a5"
    },
    {
      "name": "Memorias Ram",
      "id": "6226"
    },
    {
      "name": "Discos SSD / HDD",
      "id": "e190"
    }
  ],
  "super_users": [
    {
      "name": "victor marin",
      "email": "victor@gmail.com",
      "password": "password",
      "id": "d3c6"
    }
  ]
}