{
  "users": [
    {
      "id": "41d2",
      "name": "mariana",
      "email": "mariana@gmail.com",
      "phone": "3145687560",
      "password": "password"
    },
    {
      "id": "0188",
      "name": "mariano",
      "email": "mariano@gmail.com",
      "phone": "3145687569",
      "password": "password"
    },
    {
      "id": "41f4",
      "name": "veronica",
      "email": "veronica@gmail.com",
      "phone": "3202562525",
      "password": "password"
    },
    {
      "id": "baa9",
      "name": "ronald",
      "email": "ronald@gmail.com",
      "phone": "3206587141",
      "password": "password"
    },
    {
      "id": "3a03",
      "name": "maria",
      "email": "maria@gmail.com",
      "phone": "3204568978",
      "password": "password"
    },
    {
      "id": "de1c",
      "name": "roberta",
      "email": "roberta@gmail.com",
      "phone": "3215698741",
      "password": "password"
    },
    {
      "id": "01e6",
      "name": "rogelio",
      "email": "rogelio@gmail.com",
      "phone": "3205658987",
      "password": "password"
    }
  ],
  "products": [
    {
      "name": "RYZEN R9 7950X / 16 NUCLEOS - 32 HILOS A 5,7GHZ",
      "description": "Procesador marca AMD",
      "img": "https://cdnx.jumpseller.com/tienda-gamer-medellin/image/28453920/resize/610/610?1665956635"
    },
    {
      "name": "RYZEN R9 7950X 3D / 16 NUCLEOS - 32 HILOS A 5,7GHZ",
      "description": "Procesador marca AMD",
      "img": "https://cdnx.jumpseller.com/tienda-gamer-medellin/image/35179791/resize/610/610?1688040223"
    },
    {
      "name": "RYZEN 7 7900X 3D - 12 NUCLEOS - 24 HILOS A 5,6GHZ",
      "description": "Procesador marca AMD",
      "img": "https://cdnx.jumpseller.com/tienda-gamer-medellin/image/36988788/resize/610/610?1688040322"
    },
    {
      "name": "RYZEN R9 7900X / 12 NUCLEOS - 24 HILOS A 5,6GHZ",
      "description": "Procesador marca AMD",
      "img": "https://cdnx.jumpseller.com/tienda-gamer-medellin/image/27823265/resize/610/610?1664462240"
    },
    {
      "name": "RYZEN R9 7950X / 16 NUCLEOS - 32 HILOS A 5,7GHZ",
      "description": "Procesador marca AMD",
      "img": "https://cdnx.jumpseller.com/tienda-gamer-medellin/image/28453920/resize/610/610?1665956635"
    },
    {
      "name": "RYZEN R9 7950X 3D / 16 NUCLEOS - 32 HILOS A 5,7GHZ",
      "description": "Procesador marca AMD",
      "img": "https://cdnx.jumpseller.com/tienda-gamer-medellin/image/35179791/resize/610/610?1688040223"
    },
    {
      "name": "RYZEN 7 7900X 3D - 12 NUCLEOS - 24 HILOS A 5,6GHZ",
      "description": "Procesador marca AMD",
      "img": "https://cdnx.jumpseller.com/tienda-gamer-medellin/image/36988788/resize/610/610?1688040322"
    },
    {
      "name": "RYZEN R9 7900X / 12 NUCLEOS - 24 HILOS A 5,6GHZ",
      "description": "Procesador marca AMD",
      "img": "https://cdnx.jumpseller.com/tienda-gamer-medellin/image/27823265/resize/610/610?1664462240"
    },
    {
      "name": "RYZEN R9 7950X / 16 NUCLEOS - 32 HILOS A 5,7GHZ",
      "description": "Procesador marca AMD",
      "img": "https://cdnx.jumpseller.com/tienda-gamer-medellin/image/28453920/resize/610/610?1665956635"
    },
    {
      "name": "RYZEN R9 7950X 3D / 16 NUCLEOS - 32 HILOS A 5,7GHZ",
      "description": "Procesador marca AMD",
      "img": "https://cdnx.jumpseller.com/tienda-gamer-medellin/image/35179791/resize/610/610?1688040223"
    },
    {
      "name": "RYZEN 7 7900X 3D - 12 NUCLEOS - 24 HILOS A 5,6GHZ",
      "description": "Procesador marca AMD",
      "img": "https://cdnx.jumpseller.com/tienda-gamer-medellin/image/36988788/resize/610/610?1688040322"
    },
    {
      "name": "RYZEN R9 7900X / 12 NUCLEOS - 24 HILOS A 5,6GHZ",
      "description": "Procesador marca AMD",
      "img": "https://cdnx.jumpseller.com/tienda-gamer-medellin/image/27823265/resize/610/610?1664462240"
    }
  ],
  "categories": [
    {
      "name": "Procesadores"
    },
    {
      "name": "Placas/Boards"
    },
    {
      "name": "Memorias Ram"
    }
  ]
}