{
  "users": [
    {
      "id": "41f4",
      "name": "veronica",
      "email": "veronica@gmail.com",
      "phone": "3202562525",
      "password": "password"
    },
    {
      "id": "baa9",
      "name": "ronald",
      "email": "ronald@gmail.com",
      "phone": "3206587141",
      "password": "password"
    },
    {
      "id": "ceca",
      "name": "jenry",
      "lastname": "andrade",
      "email": "jenry@gmail.com",
      "phone": "3215894578",
      "password": "password"
    },
    {
      "id": "55f1",
      "name": "jhoan sebastian",
      "lastname": "ocampo ruiz",
      "email": "jhoan@gmail.com",
      "phone": "3223695478"
    },
    {
      "id": "db21",
      "name": "valentina",
      "lastname": "mesa",
      "email": "vale@gmail.com",
      "phone": "3202581245",
      "password": "password"
    },
    {
      "id": "397e",
      "name": "santiago",
      "lastname": "cadavid",
      "email": "santi@gmail.com",
      "phone": "3208880101",
      "password": "password"
    },
    {
      "id": "96b7",
      "name": "rogelia",
      "lastname": "avellana",
      "email": "rogelia@gmail.com",
      "phone": "3202256987",
      "password": "password"
    },
    {
      "id": "e79a",
      "name": "georgina",
      "lastname": "ramirez",
      "email": "georgi@gmail.com",
      "phone": "3214789563",
      "password": "password"
    },
    {
      "id": "1b0e",
      "name": "manuel",
      "lastname": "velasquez",
      "email": "manuel@gmail.com",
      "phone": "3225556969",
      "password": "password"
    },
    {
      "id": "c8b0",
      "name": "fabiola",
      "lastname": "mendoza",
      "email": "fabiola@gmail.com",
      "phone": "3145687896"
    },
    {
      "id": "3414",
      "name": "alberto",
      "lastname": "marin",
      "email": "alberto@gmail.com",
      "phone": "3214785236",
      "password": "password"
    }
  ],
  "products": [
    {
      "id": "3c7d",
      "name": "UPS 2200 VA - 1100W - STARTEC",
      "description": "Fuente de poder",
      "img": "https://cdnx.jumpseller.com/tienda-gamer-medellin/image/30023165/resize/610/610?1670218353",
      "price": "$630.000 COP",
      "id_category": "e156"
    },
    {
      "id": "00c5",
      "name": "SOLIDO SATA (SSD) 240GB - CRUCIAL BX500",
      "description": "Disco ssd",
      "img": "https://cdnx.jumpseller.com/tienda-gamer-medellin/image/7470392/resize/610/610?1636391205",
      "price": "$170.000 COP",
      "id_category": "e190"
    },
    {
      "id": "175d",
      "name": "COOLER AIRE UX100 ARGB - THERMALTAKE",
      "description": "Refrigeración",
      "img": "https://cdnx.jumpseller.com/tienda-gamer-medellin/image/7815316/resize/610/610?1622833808",
      "price": "$120.000 COP",
      "id_category": "jd45"
    },
    {
      "id": "72bf",
      "name": "DISIPADOR AIR MA610P RGB - COOLER MASTER",
      "description": "Refrigeración",
      "img": "https://cdnx.jumpseller.com/tienda-gamer-medellin/image/41360405/resize/610/610?1698192865",
      "price": "$390.000 COP",
      "id_category": "jd45"
    }
  ],
  "categories": [
    {
      "name": "Procesadores",
      "id": "1318"
    },
    {
      "name": "Placas/Boards",
      "id": "25a5"
    },
    {
      "name": "Memorias Ram",
      "id": "6226"
    },
    {
      "name": "Discos SSD/HDD",
      "id": "e190"
    },
    {
      "name": "Fuentes de poder",
      "id": "e156"
    },
    {
      "name": "Refrigeración",
      "id": "jd45"
    }
  ],
  "super_users": [
    {
      "name": "victor marin",
      "email": "victor@gmail.com",
      "password": "password",
      "id": "d3c6"
    },
    {
      "name": "santiago cadavid",
      "email": "santi@gmail.com",
      "password": "password",
      "id": "d3c7"
    }
  ]
}