{
  "users": [
    {
      "id": "41f4",
      "name": "veronica",
      "email": "veronica@gmail.com",
      "phone": "3202562525",
      "password": "password"
    },
    {
      "id": "baa9",
      "name": "ronald",
      "email": "ronald@gmail.com",
      "phone": "3206587141",
      "password": "password"
    },
    {
      "id": "ceca",
      "name": "jenry",
      "lastname": "andrade",
      "email": "jenry@gmail.com",
      "phone": "3215894578",
      "password": "password"
    },
    {
      "id": "55f1",
      "name": "jhoan sebastian",
      "lastname": "ocampo ruiz",
      "email": "jhoan@gmail.com",
      "phone": "3223695478"
    },
    {
      "id": "db21",
      "name": "valentina",
      "lastname": "mesa",
      "email": "vale@gmail.com",
      "phone": "3202581245",
      "password": "password"
    },
    {
      "id": "397e",
      "name": "santiago",
      "lastname": "cadavid",
      "email": "santi@gmail.com",
      "phone": "3208880101",
      "password": "password"
    }
  ],
  "products": [
    {
      "name": "RYZEN R9 7950X / 16 NUCLEOS - 32 HILOS A 5,7GHZ",
      "description": "Procesador marca AMD",
      "img": "https://cdnx.jumpseller.com/tienda-gamer-medellin/image/28453920/resize/610/610?1665956635",
      "price": "$3.050.000 COP",
      "id": "9328"
    },
    {
      "name": "RYZEN R9 7950X 3D / 16 NUCLEOS - 32 HILOS A 5,7GHZ",
      "description": "Procesador marca AMD",
      "img": "https://cdnx.jumpseller.com/tienda-gamer-medellin/image/35179791/resize/610/610?1688040223",
      "price": "$3.050.000 COP",
      "id": "8ff2"
    },
    {
      "name": "RYZEN 7 7900X 3D - 12 NUCLEOS - 24 HILOS A 5,6GHZ",
      "description": "Procesador marca AMD",
      "img": "https://cdnx.jumpseller.com/tienda-gamer-medellin/image/36988788/resize/610/610?1688040322",
      "price": "$3.050.000 COP",
      "id": "7036"
    },
    {
      "name": "RYZEN R9 7900X / 12 NUCLEOS - 24 HILOS A 5,6GHZ",
      "description": "Procesador marca AMD",
      "img": "https://cdnx.jumpseller.com/tienda-gamer-medellin/image/27823265/resize/610/610?1664462240",
      "price": "$3.050.000 COP",
      "id": "1f97"
    },
    {
      "name": "RYZEN R9 7950X / 16 NUCLEOS - 32 HILOS A 5,7GHZ",
      "description": "Procesador marca AMD",
      "img": "https://cdnx.jumpseller.com/tienda-gamer-medellin/image/28453920/resize/610/610?1665956635",
      "price": "$3.050.000 COP",
      "id": "5f42"
    },
    {
      "name": "RYZEN R9 7950X 3D / 16 NUCLEOS - 32 HILOS A 5,7GHZ",
      "description": "Procesador marca AMD",
      "img": "https://cdnx.jumpseller.com/tienda-gamer-medellin/image/35179791/resize/610/610?1688040223",
      "price": "$3.050.000 COP",
      "id": "a4a8"
    },
    {
      "name": "RYZEN 7 7900X 3D - 12 NUCLEOS - 24 HILOS A 5,6GHZ",
      "description": "Procesador marca AMD",
      "img": "https://cdnx.jumpseller.com/tienda-gamer-medellin/image/36988788/resize/610/610?1688040322",
      "price": "$3.050.000 COP",
      "id": "4802"
    },
    {
      "name": "RYZEN R9 7900X / 12 NUCLEOS - 24 HILOS A 5,6GHZ",
      "description": "Procesador marca AMD",
      "img": "https://cdnx.jumpseller.com/tienda-gamer-medellin/image/27823265/resize/610/610?1664462240",
      "price": "$3.050.000 COP",
      "id": "f33a"
    },
    {
      "id": "64e0",
      "name": "RYZEN R9 7950X / 16 NUCLEOS - 32 HILOS A 5,7GHZ",
      "description": "Procesador marca AMD",
      "image": "https://cdnx.jumpseller.com/tienda-gamer-medellin/image/28453920/resize/610/610?1665956635",
      "price": "\t$3.050.000 COP"
    },
    {
      "id": "6a94",
      "name": "gdfgdf",
      "description": "gdsfgdf",
      "image": "fdgdfgdf",
      "price": "fdgdfsg"
    }
  ],
  "categories": [
    {
      "name": "Procesadores",
      "id": "1318"
    },
    {
      "name": "Placas/Boards",
      "id": "25a5"
    },
    {
      "name": "Memorias Ram",
      "id": "6226"
    },
    {
      "name": "Discos SSD / HDD",
      "id": "e190"
    }
  ],
  "super_users": [
    {
      "name": "victor marin",
      "email": "victor@gmail.com",
      "password": "password",
      "id": "d3c6"
    },
    {
      "name": "santiago cadavid",
      "email": "santi@gmail.com",
      "password": "password",
      "id": "d3c7"
    }
  ]
}