{
  "admins": [
    {
      "id": "ff15",
      "names": "Admin Oulet",
      "email": "admin@outlet.com",
      "password": "password"
    },
    {
      "id": "317c",
      "names": "victor marin",
      "email": "victor@outlet.com",
      "password": "password"
    },
    {
      "names": "robinson ",
      "email": "robinson@gmail.com",
      "password": "password",
      "id": "b145"
    }
  ],
  "brands": [
    {
      "id": "ff16",
      "name": "Branchos",
      "local": "127",
      "floor": "1",
      "schedule": [
        "Lunes - Sabado: 10:00 a.m. - 7:00 p.m.",
        "Domingos y Festivos: 10:00 a.m - 6:00 p.m."
      ],
      "logo": "https://i.ibb.co/gjH38M0/logo-branchos-1.jpg",
      "website": "https://www.tiendasbranchos.com",
      "description": "Encuentra en branchos tennis y ropa de alta calidad para todas tus actividades deportivas"
    },
    {
      "id": "jy36",
      "name": "Diesel",
      "local": "135",
      "floor": "1",
      "schedule": [
        "Lunes - Sabado: 10:00 a.m. - 7:00 p.m.",
        "Domingos y Festivos: 10:00 a.m - 6:00 p.m."
      ],
      "logo": "https://i.ibb.co/Xx1YncJ/logo-Diesel.jpg",
      "website": "https://co.diesel.com",
      "description": "Encuentra en Diesel ropa de altisima calidad, tambien zapatos para toda la familia."
    },
    {
      "id": "ff25",
      "name": "Dollarcity",
      "local": "240",
      "floor": "2",
      "schedule": [
        "Lunes - Sabado: 10:00 a.m. - 7:00 p.m.",
        "Domingos y Festivos: 10:00 a.m - 6:00 p.m."
      ],
      "logo": "https://i.ibb.co/52s9xfz/logo-dollarcity.jpg",
      "website": "https://dollarcity.com/",
      "description": "Encuentra toda clase de accesorios para el hogar y productos comestibles."
    },
    {
      "id": "ju45",
      "name": "D1",
      "local": "256",
      "floor": "1",
      "schedule": [
        "Lunes - Sabado: 10:00 a.m. - 7:00 p.m.",
        "Domingos y Festivos: 10:00 a.m - 6:00 p.m."
      ],
      "logo": "https://i.ibb.co/yFYSBF6/logo-d1.jpg",
      "website": "https://domicilios.tiendasd1.com",
      "description": "Tiendas D1 es una multinacional dedicada a la venta de productos alimenticios."
    },
    {
      "logo": "https://i.ibb.co/j4LGSpH/totto-medellin.jpg",
      "name": "Totto",
      "local": "127",
      "floor": "1",
      "schedule": [
        "Lunes - Sabado: 10:00 a.m. - 7:00 p.m.",
        "Domingos y Festivos: 10:00 a.m - 6:00 p.m."
      ],
      "website": "https://co.totto.com",
      "description": "tienda dedicada a la fabricación de bolsos para toda la familia y con multiples propositos",
      "id": "bae0"
    },
    {
      "id": "83ce",
      "logo": "https://i.ibb.co/F88DbXS/logo-riwi.png",
      "name": "Riwi",
      "local": "145",
      "floor": "2",
      "schedule": "Lunes - Sabado: 10:00 a.m. - 7:00 p.m., Domingos y Festivos: 10:00 a.m - 6:00 p.m.",
      "website": "https://riwi.io/",
      "description": "Institución dedicada a la formación de excelentes programadores"
    },
    {
      "id": "3ad1",
      "logo": "https://i.ibb.co/928ybkM/logo-smartfit.jpg",
      "name": "Smartfit",
      "local": "120",
      "floor": "1",
      "schedule": "Lunes - Sabado: 10:00 a.m. - 7:00 p.m., Domingos y Festivos: 10:00 a.m - 6:00 p.m.",
      "website": "https://www.smartfit.com.co/",
      "description": "empresa dedicada a la prestación de servicios deportivos con muchas sedes en colombia sedes  "
    },
    {
      "id": "3486",
      "logo": "https://i.ibb.co/NxkXmjJ/logo-levis.jpg",
      "name": "Levis",
      "local": "136",
      "floor": "1",
      "schedule": "Lunes - Sabado: 10:00 a.m. - 7:00 p.m., Domingos y Festivos: 10:00 a.m - 6:00 p.m.",
      "website": "https://www.levi.com.co/",
      "description": "En 1853, Levi Strauss, un inmigrante de origen bávaro, abrió en San Francisco una pequeña mercería aprovechando la fiebre del oro."
    }
  ],
  "pqrs": [
    {
      "id": "ff17",
      "name": "Sugerencia",
      "email": "robinson.cortes@riwi.io",
      "content": "Deberian de mejorar la atención el la caja del almacen branchos, se demoran demasiado para recibir el dinero."
    },
    {
      "id": "093d",
      "name": "Reclamo",
      "email": "luis@outlet@gmail.com",
      "content": "kshdh ahdiah AHISH IAJknkcsc sjcjosjdc osjcojsojdxoc"
    },
    {
      "id": "2a55",
      "name": "Queja",
      "email": "hjsbdgasda@ksahiahsd",
      "content": "ksnisahdasd"
    },
    {
      "id": "6c3b",
      "name": "Queja",
      "email": "juan@gmail.com",
      "content": "hola"
    },
    {
      "id": "607f",
      "name": "Petición",
      "email": "hola",
      "content": "pruba"
    }
  ]
}