{
  "admins": [
    {
      "id": "ff15",
      "names": "Admin Oulet",
      "email": "admin@outlet.com",
      "password": "password"
    },
    {
      "id": "317c",
      "names": "victor marin",
      "email": "victor@outlet.com",
      "password": "password"
    },
    {
      "id": "f43b",
      "names": "valentina ramirez",
      "email": "valentina@outlet.com",
      "password": "password"
    },
    {
      "id": "b145",
      "names": "robinson cortez",
      "email": "robinson@gmail.com",
      "password": "password"
    },
    {
      "names": "leonarda asdsahdishd",
      "email": "leonarda@65949",
      "id": "9df6"
    }
  ],
  "brands": [
    {
      "id": "ff16",
      "name": "Branchos",
      "local": "127",
      "floor": "1",
      "schedule": [
        "Lunes - Sabado: 10:00 a.m. - 7:00 p.m.",
        "Domingos y Festivos: 10:00 a.m - 6:00 p.m."
      ],
      "logo": "https://i.ibb.co/gjH38M0/logo-branchos-1.jpg",
      "website": "https://www.tiendasbranchos.com",
      "description": "Encuentra en branchos tennis y ropa de alta calidad para todas tus actividades deportivas"
    },
    {
      "id": "jy36",
      "name": "Diesel",
      "local": "135",
      "floor": "1",
      "schedule": [
        "Lunes - Sabado: 10:00 a.m. - 7:00 p.m.",
        "Domingos y Festivos: 10:00 a.m - 6:00 p.m."
      ],
      "logo": "https://i.ibb.co/Xx1YncJ/logo-Diesel.jpg",
      "website": "https://co.diesel.com",
      "description": "Encuentra en Diesel ropa de altisima calidad, tambien zapatos para toda la familia."
    },
    {
      "id": "ff25",
      "name": "Dollarcity",
      "local": "240",
      "floor": "2",
      "schedule": [
        "Lunes - Sabado: 10:00 a.m. - 7:00 p.m.",
        "Domingos y Festivos: 10:00 a.m - 6:00 p.m."
      ],
      "logo": "https://i.ibb.co/52s9xfz/logo-dollarcity.jpg",
      "website": "https://dollarcity.com/",
      "description": "Encuentra toda clase de accesorios para el hogar y productos comestibles."
    },
    {
      "id": "ju45",
      "name": "D1",
      "local": "256",
      "floor": "1",
      "schedule": [
        "Lunes - Sabado: 10:00 a.m. - 7:00 p.m.",
        "Domingos y Festivos: 10:00 a.m - 6:00 p.m."
      ],
      "logo": "https://i.ibb.co/yFYSBF6/logo-d1.jpg",
      "website": "https://domicilios.tiendasd1.com",
      "description": "Tiendas D1 es una multinacional dedicada a la venta de productos alimenticios."
    },
    {
      "logo": "https://i.ibb.co/j4LGSpH/totto-medellin.jpg",
      "name": "Totto",
      "local": "127",
      "floor": "1",
      "schedule": "\"Lunes - Sabado: 10:00 a.m. - 7:00 p.m.\",         \"Domingos y Festivos: 10:00 a.m - 6:00 p.m.\"",
      "website": "https://co.totto.com",
      "description": "tienda dedicada a la fabricación de bolsos para toda la familia y con multiples propositos",
      "id": "bae0"
    }
  ],
  "pqrs": [
    {
      "id": "ff17",
      "name": "Sugerencia",
      "email": "robinson.cortes@riwi.io",
      "content": "Deberian de mejorar la atención el la caja del almacen branchos, se demoran demasiado para recibir el dinero."
    },
    {
      "id": "f547",
      "seleccion": "5",
      "email": "kasdhahdf",
      "content": "sdfgsdfs"
    }
  ]
}