{
  "users" : [
    {
      "name" : "Alberto",
      "identification" : "2525252525",
      "phone-number" : "3132564897",
      "password" : "password"
    }
  ],
  "products" : [
    {
      "name": "RYZEN R9 7950X / 16 NUCLEOS - 32 HILOS A 5,7GHZ",
      "description": "Procesador marca AMD",
      "img" : "https://cdnx.jumpseller.com/tienda-gamer-medellin/image/28453920/resize/610/610?1665956635"
    },
    {
      "name": "RYZEN R9 7950X 3D / 16 NUCLEOS - 32 HILOS A 5,7GHZ",
      "description": "Procesador marca AMD",
      "img": "https://cdnx.jumpseller.com/tienda-gamer-medellin/image/35179791/resize/610/610?1688040223"
    },
    {
      "name" : "RYZEN 7 7900X 3D - 12 NUCLEOS - 24 HILOS A 5,6GHZ",
      "description" : "Procesador marca AMD",
      "img": "https://cdnx.jumpseller.com/tienda-gamer-medellin/image/36988788/resize/610/610?1688040322"
    },
    {
      "name": "RYZEN R9 7900X / 12 NUCLEOS - 24 HILOS A 5,6GHZ",
      "description": "Procesador marca AMD",
      "img": "https://cdnx.jumpseller.com/tienda-gamer-medellin/image/27823265/resize/610/610?1664462240"
    },
    {
      "name": "RYZEN R9 7950X / 16 NUCLEOS - 32 HILOS A 5,7GHZ",
      "description": "Procesador marca AMD",
      "img" : "https://cdnx.jumpseller.com/tienda-gamer-medellin/image/28453920/resize/610/610?1665956635"
    },
    {
      "name": "RYZEN R9 7950X 3D / 16 NUCLEOS - 32 HILOS A 5,7GHZ",
      "description": "Procesador marca AMD",
      "img": "https://cdnx.jumpseller.com/tienda-gamer-medellin/image/35179791/resize/610/610?1688040223"
    },
    {
      "name" : "RYZEN 7 7900X 3D - 12 NUCLEOS - 24 HILOS A 5,6GHZ",
      "description" : "Procesador marca AMD",
      "img": "https://cdnx.jumpseller.com/tienda-gamer-medellin/image/36988788/resize/610/610?1688040322"
    },
    {
      "name": "RYZEN R9 7900X / 12 NUCLEOS - 24 HILOS A 5,6GHZ",
      "description": "Procesador marca AMD",
      "img": "https://cdnx.jumpseller.com/tienda-gamer-medellin/image/27823265/resize/610/610?1664462240"
    }
  ],
  "categories" : [
    {
      "name" : "Procesadores"
    },
    {
      "name" : "Placas/Boards"
    },
    {
      "name" : "Memorias Ram"
    }
  ]
}