{
  "users": [
    {
      "id": "41f4",
      "name": "veronica",
      "email": "veronica@gmail.com",
      "phone": "3202562525",
      "password": "password"
    },
    {
      "id": "baa9",
      "name": "ronald",
      "email": "ronald@gmail.com",
      "phone": "3206587141",
      "password": "password"
    },
    {
      "name": "jenry/update",
      "lastname": "andrade-update",
      "email": "jenry@gmail.com",
      "phone": "3215894578",
      "id": "ceca"
    },
    {
      "id": "55f1",
      "name": "jhoan sebastian",
      "lastname": "ocampo ruiz",
      "email": "jhoan@gmail.com",
      "phone": "3223695478"
    },
    {
      "id": "db21",
      "name": "valentina",
      "lastname": "mesa",
      "email": "vale@gmail.com",
      "phone": "3202581245",
      "password": "password"
    },
    {
      "id": "397e",
      "name": "santiago",
      "lastname": "cadavid",
      "email": "santi@gmail.com",
      "phone": "3208880101",
      "password": "password"
    },
    {
      "id": "96b7",
      "name": "rogelia",
      "lastname": "avellana",
      "email": "rogelia@gmail.com",
      "phone": "3202256987",
      "password": "password"
    },
    {
      "id": "e79a",
      "name": "georgina",
      "lastname": "ramirez",
      "email": "georgi@gmail.com",
      "phone": "3214789563",
      "password": "password"
    },
    {
      "id": "1b0e",
      "name": "manuel",
      "lastname": "velasquez",
      "email": "manuel@gmail.com",
      "phone": "3225556969",
      "password": "password"
    },
    {
      "id": "c8b0",
      "name": "fabiola",
      "lastname": "mendoza",
      "email": "fabiola@gmail.com",
      "phone": "3145687896"
    },
    {
      "id": "3414",
      "name": "alberto",
      "lastname": "marin",
      "email": "alberto@gmail.com",
      "phone": "3214785236",
      "password": "password"
    }
  ],
  "products": [
    {
      "name": "UPS 2200 VA - 1100W - STARTEC",
      "description": "Fuente de poder de alta calidad con certificaión.",
      "image": "https://cdnx.jumpseller.com/tienda-gamer-medellin/image/30023165/resize/610/610?1670218353",
      "price": "$630.000 COP",
      "id_category": "e156",
      "id": "3c7d"
    },
    {
      "name": "SOLIDO SATA (SSD) 240GB - CRUCIAL BX500",
      "description": "Disco ssd de alta velocidad para pc de alto rendimiento",
      "image": "https://cdnx.jumpseller.com/tienda-gamer-medellin/image/7470392/resize/610/610?1636391205",
      "price": "$170.000 COP",
      "id_category": "e190",
      "id": "00c5"
    },
    {
      "name": "COOLER AIRE UX100 ARGB - THERMALTAKE",
      "description": "Refrigeración thermaltake de alto flujo de aire",
      "image": "https://cdnx.jumpseller.com/tienda-gamer-medellin/image/7815316/resize/610/610?1622833808",
      "price": "$120.000 COP",
      "id_category": "jd45",
      "id": "175d"
    },
    {
      "name": "DISIPADOR AIR MA610P RGB - COOLER MASTER",
      "description": "Refrigeración thermaltake de alto flujo de aire",
      "image": "https://cdnx.jumpseller.com/tienda-gamer-medellin/image/41360405/resize/610/610?1698192865",
      "price": "$390.000 COP",
      "id_category": "jd45",
      "id": "72bf"
    },
    {
      "id": "364c",
      "name": "RYZEN 5 8600G / 6 NUCLEOS - 12 HILOS A 5.0GHZ",
      "description": "AMD Ryzen™ 5 8600G",
      "image": "https://cdnx.jumpseller.com/tienda-gamer-medellin/image/45132585/resize/610/610?1706821949",
      "price": " $1.290.000 COP",
      "id_category": "1318"
    },
    {
      "id": "7687",
      "name": "RYZEN 7 8700G / 8 NUCLEOS - 16 HILOS A 5.1GHZ",
      "description": "Procesadores AMD Ryzen™",
      "image": "https://cdnx.jumpseller.com/tienda-gamer-medellin/image/45132682/resize/610/610?1706822230",
      "price": "$1.850.000 COP",
      "id_category": "1318"
    },
    {
      "id": "7164",
      "name": " RYZEN R9 7950X / 16 NUCLEOS - 32 HILOS A 5,7GHZ",
      "description": "AMD Ryzen™ 9 7950X",
      "image": "https://cdnx.jumpseller.com/tienda-gamer-medellin/image/28453920/resize/610/610?1665956635",
      "price": "$3.050.000 COP",
      "id_category": "1318"
    },
    {
      "id": "4397",
      "name": "RYZEN R9 7950X 3D / 16 NUCLEOS - 32 HILOS A 5,7GHZ",
      "description": "AMD Ryzen™ 9 7950X3D",
      "image": "https://cdnx.jumpseller.com/tienda-gamer-medellin/image/35179790/resize/610/610?1688040223",
      "price": "$3.370.000 COP",
      "id_category": "1318"
    },
    {
      "id": "7142",
      "name": "Z790 PLUS D4 WIFI - ASUS / INTEL GEN 13",
      "description": "Tarjeta madre gamer Intel® Z790",
      "image": "https://cdnx.jumpseller.com/tienda-gamer-medellin/image/28976969/resize/610/610?1667233007",
      "price": "$1.350.000 COP",
      "id_category": "25a5"
    },
    {
      "id": "57c2",
      "name": "Z790-A ROG STRIX WIFI D5 - ASUS / INTEL GEN 13",
      "description": "ROG STRIX Z790-A JUEGOS WIFI",
      "image": "https://cdnx.jumpseller.com/tienda-gamer-medellin/image/40726116/resize/610/610?1697041657",
      "price": "$1.870.000 COP",
      "id_category": "25a5"
    },
    {
      "id": "fc79",
      "name": "Z790-F ROG STRIX WIFI D5 - ASUS / INTEL GEN 13",
      "description": "ROG STRIX Z790-F",
      "image": "https://cdnx.jumpseller.com/tienda-gamer-medellin/image/30556843/resize/610/610?1672256248",
      "price": "$1.970.000 COP",
      "id_category": "25a5"
    },
    {
      "id": "06d9",
      "name": "Z790 AORUS ELITE AX WIFI- ASUS / INTEL GEN 13",
      "description": "Z790 AORUS ELITE AX WIFI- ASUS / INTEL GEN 13",
      "image": "https://cdnx.jumpseller.com/tienda-gamer-medellin/image/32875428/resize/610/610?1678203722",
      "price": "$1.530.000 COP",
      "id_category": "Abre este menú selecionable"
    },
    {
      "id": "c9ea",
      "name": "MODULO 8GB (3200 MHZ) VIPER STEEL - PATRIOT",
      "description": "Memorias ram de alto rendimineto",
      "image": "https://cdnx.jumpseller.com/tienda-gamer-medellin/image/25765938/resize/610/610?1682533462",
      "price": "$210.000 COP",
      "id_category": "6226"
    },
    {
      "id": "d4e0",
      "name": "MODULO 8GB (3200 MHZ) VENGANCE RGB PRO - CORSAIR",
      "description": "memoria con overclocking DDR4 CORSAIR VENGEANCE RGB PRO",
      "image": "https://cdnx.jumpseller.com/tienda-gamer-medellin/image/10700049/resize/610/610?1646174024",
      "price": "$230.000 COP",
      "id_category": "6226"
    },
    {
      "id": "07d9",
      "name": "MODULO 32GB (3200 MHZ) ROYAL SILVER - TRIDENT Z",
      "description": "Trident Z Royal Silver Edition - con RGB",
      "image": "https://cdnx.jumpseller.com/tienda-gamer-medellin/image/21564059/resize/610/610?1691588930",
      "price": "$550.000 COP",
      "id_category": "6226"
    },
    {
      "id": "918c",
      "name": "MODULO DDR5 16GBS (5600MHZ) VENGEANCE RGB - CORSAIR",
      "description": "MODULO DDR5 16GBS (5600MHZ) VENGEANCE RGB - CORSAIR",
      "image": "https://cdnx.jumpseller.com/tienda-gamer-medellin/image/44692244/resize/610/610?1705799043",
      "price": "$390.000 COP",
      "id_category": "6226"
    },
    {
      "id": "0c51",
      "name": "SOLIDO SATA (SSD) 240GB - KINGSTON A400",
      "description": "SOLIDO SATA (SSD) 240GB - KINGSTON A400",
      "image": "https://cdnx.jumpseller.com/tienda-gamer-medellin/image/26652037/resize/610/610?1661653559",
      "price": "$170.000 COP",
      "id_category": "e190"
    },
    {
      "id": "65ab",
      "name": "SOLIDO (M2) NVMe 256GB P300 - PATRIOT",
      "description": "SOLIDO (M2) NVMe 256GB P300 - PATRIOT",
      "image": "https://cdnx.jumpseller.com/tienda-gamer-medellin/image/24721332/resize/610/610?1677731052",
      "price": "$170.000 COP",
      "id_category": "e190"
    },
    {
      "id": "f841",
      "name": "SOLIDO (M2) NVMe 512GB - GIGABYTE",
      "description": "NVMe 500GB WD BLACK 850",
      "image": "https://cdnx.jumpseller.com/tienda-gamer-medellin/image/9817729/resize/610/610?1654109450",
      "price": "$270.000 COP",
      "id_category": "e190"
    },
    {
      "id": "af08",
      "name": "FUENTE THOR 1600W TITANIUM OLED - ASUS",
      "description": "FUENTE THOR 1600W TITANIUM OLED - ASUS",
      "image": "https://cdnx.jumpseller.com/tienda-gamer-medellin/image/42032409/resize/610/610?1699907815",
      "price": "$3.370.000 COP",
      "id_category": "e156"
    },
    {
      "id": "f9c2",
      "name": "FUENTE POLAR X2 1200W PLATINUM 5.0 PCI MOD - COUGAR",
      "description": "FUENTE POLAR X2 1200W PLATINUM 5.0 PCI MOD - COUGAR",
      "image": "https://cdnx.jumpseller.com/tienda-gamer-medellin/image/43105812/resize/610/610?1701721355",
      "price": "$1.530.000 COP",
      "id_category": "e156"
    },
    {
      "id": "5a31",
      "name": "FUENTE REAL 850 SFX GOLD MODULAR - COOLER MASTER",
      "description": "FUENTE REAL 850 SFX GOLD MODULAR - COOLER MASTER",
      "image": "https://cdnx.jumpseller.com/tienda-gamer-medellin/image/30023151/resize/610/610?1670218140",
      "price": "$770.000 COP",
      "id_category": "e156"
    },
    {
      "name": "DISIPADOR CYLON 4F ARGB BLACK - AEROCOOL",
      "description": "DISIPADOR CYLON 4F ARGB BLACK - AEROCOOL",
      "image": "https://cdnx.jumpseller.com/tienda-gamer-medellin/image/39387959/resize/610/610?1693932606",
      "price": "$290.000 COP",
      "id_category": "jd45",
      "id": "6e2a"
    },
    {
      "id": "8151",
      "name": "DISIPADOR HYPER 212 TURBO WHITE - COOLER MASTER",
      "description": "DISIPADOR HYPER 212 TURBO WHITE - COOLER MASTER",
      "image": "https://cdnx.jumpseller.com/tienda-gamer-medellin/image/41360287/resize/610/610?1698192215",
      "price": "$310.000 COP",
      "id_category": "jd45"
    },
    {
      "id": "aa13",
      "name": "LIQUIDA VORTEX 360 ARGB BLACK - ANTEC",
      "description": "LIQUIDA VORTEX 360 ARGB BLACK - ANTEC",
      "image": "https://cdnx.jumpseller.com/tienda-gamer-medellin/image/45091081/resize/610/610?1706711972",
      "price": "$730.000 COP",
      "id_category": "jd45"
    },
    {
      "id": "1db8",
      "name": "MOUSE RGB ASHOKA - STAR WARS",
      "description": "MOUSE RGB ASHOKA - STAR WARS",
      "image": "https://cdnx.jumpseller.com/tienda-gamer-medellin/image/44782194/resize/610/610?1706126394",
      "price": "$247.000 COP",
      "id_category": "ms68"
    },
    {
      "id": "1811",
      "name": "COMBO 4 EN 1 GAMING BUNDLE - CORSAIR",
      "description": "COMBO 4 EN 1 GAMING BUNDLE - CORSAIR",
      "image": "https://cdnx.jumpseller.com/tienda-gamer-medellin/image/29838715/resize/610/610?1669805344",
      "price": "$513.000 COP",
      "id_category": "tc57"
    },
    {
      "id": "25b3",
      "name": "DIADEMAS DARTH VADER - STARWAR",
      "description": "Diademas con altavoces gamer",
      "image": "https://cdnx.jumpseller.com/tienda-gamer-medellin/image/44755953/resize/610/610?1706041929",
      "price": "$285.000 COP",
      "id_category": "dm31"
    },
    {
      "id": "2688",
      "name": "PAD MOUSE RGB ANIMEX - EPIK",
      "description": "Pad mouse para el mouse",
      "image": "https://cdnx.jumpseller.com/tienda-gamer-medellin/image/43178267/resize/610/610?1701893389",
      "price": "$114.000 COP",
      "id_category": "pm71"
    },
    {
      "id": "15c9",
      "name": "ZEUS X RGB WHITE - REDRAGON",
      "description": "ESPECIFICACIONES - MULTIPLAY PC / PS4 / XBOX / MOBILE",
      "image": "https://cdnx.jumpseller.com/tienda-gamer-medellin/image/33197187/resize/610/610?1679019373",
      "price": "$437.000 COP",
      "id_category": "dm31"
    },
    {
      "id": "a62a",
      "name": "MODULO DDR5 32GBS (6000MHZ) ELITE 5 RGB BLANCA - VIPER",
      "description": "MODULO DDR5 32GBS (6000MHZ) ELITE 5 RGB BLANCA - VIPER",
      "image": "https://cdnx.jumpseller.com/tienda-gamer-medellin/image/43715152/resize/610/610?1702963153",
      "price": "$570.000 COP",
      "id_category": "6226"
    },
    {
      "id": "2911",
      "name": "G305 INALAMBRICO COLORS - LOGI",
      "description": "G305 INALAMBRICO COLORS - LOGI",
      "image": "https://cdnx.jumpseller.com/tienda-gamer-medellin/image/22151095/resize/610/610?1704272782",
      "price": "$247.000 COP",
      "id_category": "ms68"
    },
    {
      "id": "1e84",
      "name": "MOUSE INALAMBRICO SYNC COLORS - LOGI",
      "description": "Ratón (altura x anchura x profundidad): 105,4 x 67,9 x 38,4 mm",
      "image": "https://cdnx.jumpseller.com/tienda-gamer-medellin/image/13955713/resize/610/610?1704273245",
      "price": "$133.000 COP",
      "id_category": "ms68"
    },
    {
      "id": "eef4",
      "name": "COMBO / 2 EN 1 KUMARA RGB - REDRAGON",
      "description": "COMBO / 2 EN 1 KUMARA RGB - REDRAGON",
      "image": "https://cdnx.jumpseller.com/tienda-gamer-medellin/image/16264725/resize/610/610?1648814247",
      "price": "$342.000 COP",
      "id_category": "tc57"
    },
    {
      "id": "1e45",
      "name": "COMBO / 4 EN 1 ELITE BASIC - REDRAGON",
      "description": "COMBO / 4 EN 1 ELITE BASIC - REDRAGON",
      "image": "https://cdnx.jumpseller.com/tienda-gamer-medellin/image/16042984/resize/610/610?1672020087",
      "price": "$361.000 COP",
      "id_category": "tc57"
    }
  ],
  "categories": [
    {
      "name": "Procesadores",
      "id": "1318"
    },
    {
      "name": "Placas/Boards",
      "id": "25a5"
    },
    {
      "name": "Memorias Ram",
      "id": "6226"
    },
    {
      "name": "Discos SSD/HDD",
      "id": "e190"
    },
    {
      "name": "Fuentes de poder",
      "id": "e156"
    },
    {
      "name": "Refrigeración",
      "id": "jd45"
    },
    {
      "name": "Mouses",
      "id": "ms68"
    },
    {
      "name": "Teclados",
      "id": "tc57"
    },
    {
      "name": "Diademas",
      "id": "dm31"
    },
    {
      "name": "Pad Mouse",
      "id": "pm71"
    }
  ],
  "super_users": [
    {
      "name": "victor marin",
      "email": "victor@gmail.com",
      "password": "password",
      "id": "d3c6"
    },
    {
      "name": "santiago cadavid",
      "email": "santi@gmail.com",
      "password": "password",
      "id": "d3c7"
    }
  ]
}